name,gender,group,parent_degrees,lunch,test prep,math score,reading score,writing score,avg,result,grade,Sum_avg
Maria Crier,female,group B,bachelor's degree,standard,none,72,72,74,72.66666667,P,B+,218
Maria Cochran,female,group C,some college,standard,completed,69,90,88,82.33333333,P,A,247
Maria Rodriguez,female,group B,master's degree,standard,none,90,95,93,92.66666667,P,A+,278
Richard Babin,male,group A,associate's degree,free/reduced,none,47,57,44,49.33333333,F,F,148
Richard Davis,male,group C,some college,standard,none,76,78,75,76.33333333,P,B+,229
Maria Law,female,group B,associate's degree,standard,none,71,83,78,77.33333333,P,B+,232
Maria Hartman,female,group B,some college,standard,completed,88,95,92,91.66666667,P,A+,275
Richard Chavez,male,group B,some college,free/reduced,none,40,43,39,40.66666667,F,F,122
Richard Murphy,male,group D,high school,free/reduced,completed,64,64,67,65,P,B,195
Maria Navarro,female,group B,high school,free/reduced,none,38,60,50,49.33333333,F,F,148
Richard Wheeler,male,group C,associate's degree,standard,none,58,54,52,54.66666667,P,C,164
Richard Willis,male,group D,associate's degree,standard,none,40,52,43,45,F,F,135
Maria Wortham,female,group B,high school,standard,none,65,81,73,73,P,B+,219
Richard Gilyard,male,group A,some college,standard,completed,78,72,70,73.33333333,P,B+,220
Maria Otano,female,group A,master's degree,standard,none,50,53,58,53.66666667,P,C,161
Maria Navarro,female,group C,some high school,standard,none,69,75,78,74,P,B+,222
Richard Derogatis,male,group C,high school,standard,none,88,89,86,87.66666667,P,A,263
Maria Mauro,female,group B,some high school,free/reduced,none,18,32,28,26,F,F,78
Richard Walters,male,group C,master's degree,free/reduced,completed,46,42,46,44.66666667,F,F,134
Maria Breedlove,female,group C,associate's degree,free/reduced,none,54,58,61,57.66666667,P,C,173
Richard Paxson,male,group D,high school,standard,none,66,69,63,66,P,B,198
Maria Murdock,female,group B,some college,free/reduced,completed,65,75,70,70,P,B+,210
Richard White,male,group D,some college,standard,none,44,54,53,50.33333333,F,C,151
Maria White,female,group C,some high school,standard,none,69,73,73,71.66666667,P,B+,215
Richard Baichan,male,group D,bachelor's degree,free/reduced,completed,74,71,80,75,P,B+,225
Richard Misiaszek,male,group A,master's degree,free/reduced,none,73,74,72,73,P,B+,219
Richard Mccarthy,male,group B,some college,standard,none,69,54,55,59.33333333,P,C,178
Maria Ricketts,female,group C,bachelor's degree,standard,none,67,69,75,70.33333333,P,B+,211
Richard Bonnet,male,group C,high school,standard,none,70,70,65,68.33333333,P,B,205
Maria Owens,female,group D,master's degree,standard,none,62,70,75,69,P,B,207
Maria Nelson,female,group D,some college,standard,none,69,74,74,72.33333333,P,B+,217
Maria Farrell,female,group B,some college,standard,none,63,65,61,63,P,B,189
Maria Haynes,female,group E,master's degree,free/reduced,none,56,72,65,64.33333333,P,B,193
Richard Simmerman,male,group D,some college,standard,none,40,42,38,40,F,F,120
Richard Tepper,male,group E,some college,standard,none,97,87,82,88.66666667,P,A,266
Richard Pearson,male,group E,associate's degree,standard,completed,81,81,79,80.33333333,P,A,241
Maria Lopez,female,group D,associate's degree,standard,none,74,81,83,79.33333333,P,B+,238
Maria Barton,female,group D,some high school,free/reduced,none,50,64,59,57.66666667,P,C,173
Maria Luper,female,group D,associate's degree,free/reduced,completed,75,90,88,84.33333333,P,A,253
Richard Floyd,male,group B,associate's degree,free/reduced,none,57,56,57,56.66666667,P,C,170
Richard Scheidecker,male,group C,associate's degree,free/reduced,none,55,61,54,56.66666667,P,C,170
Maria Macias,female,group C,associate's degree,standard,none,58,73,68,66.33333333,P,B,199
Maria Fordham,female,group B,associate's degree,standard,none,53,58,65,58.66666667,P,C,176
Richard Garrison,male,group B,some college,free/reduced,completed,59,65,66,63.33333333,P,B,190
Maria Boles,female,group E,associate's degree,free/reduced,none,50,56,54,53.33333333,P,C,160
Richard Jonason,male,group B,associate's degree,standard,none,65,54,57,58.66666667,P,C,176
Maria Wadley,female,group A,associate's degree,standard,completed,55,65,62,60.66666667,P,B,182
Maria Vanschoick,female,group C,high school,standard,none,66,71,76,71,P,B+,213
Maria Coffey,female,group D,associate's degree,free/reduced,completed,57,74,76,69,P,B,207
Richard Ross,male,group C,high school,standard,completed,82,84,82,82.66666667,P,A,248
Richard Decesare,male,group E,some college,standard,none,53,55,48,52,F,C,156
Richard Kallenberg,male,group E,associate's degree,free/reduced,completed,77,69,68,71.33333333,P,B+,214
Richard Giddens,male,group C,some college,standard,none,53,44,42,46.33333333,F,F,139
Richard Todd,male,group D,high school,standard,none,88,78,75,80.33333333,P,A,241
Maria Mckenna,female,group C,some high school,free/reduced,completed,71,84,87,80.66666667,P,A,242
Maria Barrios,female,group C,high school,free/reduced,none,33,41,43,39,F,F,117
Maria Ball,female,group E,associate's degree,standard,completed,82,85,86,84.33333333,P,A,253
Richard Secrease,male,group D,associate's degree,standard,none,52,55,49,52,F,C,156
Richard Buckner,male,group D,some college,standard,completed,58,59,58,58.33333333,P,C,175
Maria Scungio,female,group C,some high school,free/reduced,none,0,17,10,9,F,F,27
Richard Murphy,male,group E,bachelor's degree,free/reduced,completed,79,74,72,75,P,B+,225
Richard Brogan,male,group A,some high school,free/reduced,none,39,39,34,37.33333333,F,F,112
Richard Whittaker,male,group A,associate's degree,free/reduced,none,62,61,55,59.33333333,P,C,178
Maria Rogers,female,group C,associate's degree,standard,none,69,80,71,73.33333333,P,B+,220
Maria Charlot,female,group D,some high school,standard,none,59,58,59,58.66666667,P,C,176
Richard Belcher,male,group B,some high school,standard,none,67,64,61,64,P,B,192
Richard Black,male,group D,some high school,free/reduced,none,45,37,37,39.66666667,F,F,119
Maria Anderson,female,group C,some college,standard,none,60,72,74,68.66666667,P,B,206
Richard Baron,male,group B,associate's degree,free/reduced,none,61,58,56,58.33333333,P,C,175
Maria Jamesson,female,group C,associate's degree,standard,none,39,64,57,53.33333333,F,C,160
Maria Ambler,female,group D,some college,free/reduced,completed,58,63,73,64.66666667,P,B,194
Richard Rodriguez,male,group D,some college,standard,completed,63,55,63,60.33333333,P,B,181
Maria Herrera,female,group A,associate's degree,free/reduced,none,41,51,48,46.66666667,F,F,140
Richard Shank,male,group C,some high school,free/reduced,none,61,57,56,58,P,C,174
Richard Edmundson,male,group C,some high school,standard,none,49,49,41,46.33333333,F,F,139
Richard Marino,male,group B,associate's degree,free/reduced,none,44,41,38,41,F,F,123
Richard Braxton,male,group E,some high school,standard,none,30,26,22,26,F,F,78
Richard Goldade,male,group A,bachelor's degree,standard,completed,80,78,81,79.66666667,P,B+,239
Maria Braziel,female,group D,some high school,standard,completed,61,74,72,69,P,B,207
Maria Pope,female,group E,master's degree,standard,none,62,68,68,66,P,B,198
Maria Fietek,female,group B,associate's degree,standard,none,47,49,50,48.66666667,F,F,146
Richard Lyell,male,group B,high school,free/reduced,none,49,45,45,46.33333333,F,F,139
Richard Pollock,male,group A,some college,free/reduced,completed,50,47,54,50.33333333,F,C,151
Richard Hamilton,male,group E,associate's degree,standard,none,72,64,63,66.33333333,P,B,199
Richard Diggs,male,group D,high school,free/reduced,none,42,39,34,38.33333333,F,F,115
Maria Brown,female,group C,some college,standard,none,73,80,82,78.33333333,P,B+,235
Maria Lovett,female,group C,some college,free/reduced,none,76,83,88,82.33333333,P,A,247
Maria Rivera,female,group D,associate's degree,standard,none,71,71,74,72,P,B+,216
Maria Evans,female,group A,some college,standard,none,58,70,67,65,P,B,195
Maria Rodriguez,female,group D,some high school,standard,none,73,86,82,80.33333333,P,A,241
Maria Flurry,female,group C,bachelor's degree,standard,none,65,72,74,70.33333333,P,B+,211
Richard Mckinley,male,group C,high school,free/reduced,none,27,34,36,32.33333333,F,F,97
Richard Zody,male,group C,high school,standard,none,71,79,71,73.66666667,P,B+,221
Richard Johnson,male,group C,associate's degree,free/reduced,completed,43,45,50,46,F,F,138
Maria Russo,female,group B,some college,standard,none,79,86,92,85.66666667,P,A,257
Richard Arnett,male,group C,associate's degree,free/reduced,completed,78,81,82,80.33333333,P,A,241
Richard Barretta,male,group B,some high school,standard,completed,65,66,62,64.33333333,P,B,193
Maria Winchester,female,group E,some college,standard,completed,63,72,70,68.33333333,P,B,205
Maria King,female,group D,some college,free/reduced,none,58,67,62,62.33333333,P,B,187
Maria Wheeler,female,group D,bachelor's degree,standard,none,65,67,62,64.66666667,P,B,194
Richard Adan,male,group B,some college,standard,none,79,67,67,71,P,B+,213
Richard Beebe,male,group D,bachelor's degree,standard,completed,68,74,74,72,P,B+,216
Maria Martin,female,group D,associate's degree,standard,none,85,91,89,88.33333333,P,A,265
Richard Moyer,male,group B,high school,standard,completed,60,44,47,50.33333333,F,C,151
Richard Freuden,male,group C,some college,standard,completed,98,86,90,91.33333333,P,A+,274
Maria Blaney,female,group C,some college,standard,none,58,67,72,65.66666667,P,B,197
Maria Mosley,female,group D,master's degree,standard,none,87,100,100,95.66666667,P,A+,287
Richard Johnson,male,group E,associate's degree,standard,completed,66,63,64,64.33333333,P,B,193
Maria Ward,female,group B,associate's degree,free/reduced,none,52,76,70,66,P,B,198
Maria Odonnell,female,group B,some high school,standard,none,70,64,72,68.66666667,P,B,206
Maria Lassiter,female,group D,associate's degree,free/reduced,completed,77,89,98,88,P,A,264
Richard Martinie,male,group C,high school,standard,none,62,55,49,55.33333333,F,C,166
Richard Zanes,male,group A,associate's degree,standard,none,54,53,47,51.33333333,F,C,154
Maria Hyde,female,group D,some college,standard,none,51,58,54,54.33333333,P,C,163
Maria Whiteford,female,group E,bachelor's degree,standard,completed,99,100,100,99.66666667,P,A+,299
Richard Bastilla,male,group C,high school,standard,none,84,77,74,78.33333333,P,B+,235
Maria Graham,female,group B,bachelor's degree,free/reduced,none,75,85,82,80.66666667,P,A,242
Maria Hyatt,female,group D,bachelor's degree,standard,none,78,82,79,79.66666667,P,B+,239
Maria Lasater,female,group D,some high school,standard,none,51,63,61,58.33333333,P,C,175
Maria Carrillo,female,group C,some college,standard,none,55,69,65,63,P,B,189
Maria Keyes,female,group C,bachelor's degree,standard,completed,79,92,89,86.66666667,P,A,260
Richard Demetro,male,group B,associate's degree,standard,completed,91,89,92,90.66666667,P,A+,272
Maria Carey,female,group C,some college,standard,completed,88,93,93,91.33333333,P,A+,274
Richard Watson,male,group D,high school,free/reduced,none,63,57,56,58.66666667,P,C,176
Richard Jones,male,group E,some college,standard,none,83,80,73,78.66666667,P,B+,236
Maria Lee,female,group B,high school,standard,none,87,95,86,89.33333333,P,A,268
Richard Fry,male,group B,some high school,standard,none,72,68,67,69,P,B,207
Richard Russell,male,group D,some college,standard,completed,65,77,74,72,P,B+,216
Richard Fitzgerald,male,group D,master's degree,standard,none,82,82,74,79.33333333,P,B+,238
Maria Church,female,group A,bachelor's degree,standard,none,51,49,51,50.33333333,F,C,151
Richard Lane,male,group D,master's degree,standard,none,89,84,82,85,P,A,255
Richard Mcclaskey,male,group C,some high school,free/reduced,completed,53,37,40,43.33333333,F,F,130
Richard Metelus,male,group E,some college,free/reduced,completed,87,74,70,77,P,B+,231
Maria Cummins,female,group C,some college,standard,completed,75,81,84,80,P,A,240
Richard Castiglione,male,group D,bachelor's degree,free/reduced,completed,74,79,75,76,P,B+,228
Richard Allen,male,group C,bachelor's degree,standard,none,58,55,48,53.66666667,F,C,161
Richard Lewis,male,group B,some high school,standard,completed,51,54,41,48.66666667,F,F,146
Richard Mckinney,male,group E,high school,standard,none,70,55,56,60.33333333,P,B,181
Maria Smiley,female,group C,associate's degree,standard,none,59,66,67,64,P,B,192
Richard Holliday,male,group D,some college,standard,completed,71,61,69,67,P,B,201
Maria Carson,female,group D,some high school,standard,none,76,72,71,73,P,B+,219
Maria Shaw,female,group C,some college,free/reduced,none,59,62,64,61.66666667,P,B,185
Maria Poole,female,group E,some college,free/reduced,completed,42,55,54,50.33333333,F,C,151
Richard Stephens,male,group A,high school,standard,none,57,43,47,49,F,F,147
Richard Short,male,group D,some college,standard,none,88,73,78,79.66666667,P,B+,239
Maria Hagy,female,group C,some college,free/reduced,none,22,39,33,31.33333333,F,F,94
Richard Bontrager,male,group B,some high school,standard,none,88,84,75,82.33333333,P,A,247
Richard Jessup,male,group C,associate's degree,free/reduced,none,73,68,66,69,P,B,207
Maria Brasfield,female,group D,bachelor's degree,standard,completed,68,75,81,74.66666667,P,B+,224
Richard Nelson,male,group E,associate's degree,free/reduced,completed,100,100,93,97.66666667,P,A+,293
Richard Olesen,male,group A,some high school,standard,completed,62,67,69,66,P,B,198
Richard Nicholls,male,group A,bachelor's degree,standard,none,77,67,68,70.66666667,P,B+,212
Maria Peterson,female,group B,associate's degree,standard,completed,59,70,66,65,P,B,195
Richard Purnell,male,group D,bachelor's degree,standard,none,54,49,47,50,F,C,150
Richard Green,male,group D,some high school,standard,none,62,67,61,63.33333333,P,B,190
Maria Wiggins,female,group C,some college,standard,completed,70,89,88,82.33333333,P,A,247
Maria Burgess,female,group E,high school,free/reduced,completed,66,74,78,72.66666667,P,B+,218
Richard Vreeland,male,group B,some college,free/reduced,none,60,60,60,60,P,B,180
Maria Wiederwax,female,group B,associate's degree,standard,completed,61,86,87,78,P,B+,234
Richard Brandt,male,group D,associate's degree,free/reduced,none,66,62,64,64,P,B,192
Richard Edwards,male,group B,associate's degree,free/reduced,completed,82,78,74,78,P,B+,234
Maria Jones,female,group E,some college,free/reduced,completed,75,88,85,82.66666667,P,A,248
Richard Freeze,male,group B,master's degree,free/reduced,none,49,53,52,51.33333333,F,C,154
Richard Stivers,male,group C,high school,standard,none,52,53,49,51.33333333,F,C,154
Maria Nunez,female,group E,master's degree,standard,none,81,92,91,88,P,A,264
Maria Kidd,female,group C,bachelor's degree,standard,completed,96,100,100,98.66666667,P,A+,296
Richard Vang,male,group C,high school,free/reduced,completed,53,51,51,51.66666667,P,C,155
Maria Hague,female,group B,master's degree,free/reduced,completed,58,76,78,70.66666667,P,B+,212
Maria Miller,female,group B,high school,standard,completed,68,83,78,76.33333333,P,B+,229
Maria Brown,female,group C,some college,free/reduced,completed,67,75,70,70.66666667,P,B+,212
Richard Carr,male,group A,high school,standard,completed,72,73,74,73,P,B+,219
Richard Clark,male,group E,some high school,standard,none,94,88,78,86.66666667,P,A,260
Maria Kenyon,female,group D,some college,standard,none,79,86,81,82,P,A,246
Maria French,female,group C,associate's degree,standard,none,63,67,70,66.66666667,P,B,200
Maria Flanigan,female,group C,bachelor's degree,free/reduced,completed,43,51,54,49.33333333,F,F,148
Maria Morrison,female,group C,master's degree,standard,completed,81,91,87,86.33333333,P,A,259
Maria Meath,female,group B,high school,free/reduced,completed,46,54,58,52.66666667,F,C,158
Maria Chadwell,female,group C,associate's degree,standard,completed,71,77,77,75,P,B+,225
Maria Woodard,female,group B,master's degree,free/reduced,completed,52,70,62,61.33333333,P,B,184
Maria Becker,female,group D,some high school,standard,completed,97,100,100,99,P,A+,297
Richard Smith,male,group C,master's degree,free/reduced,completed,62,68,75,68.33333333,P,B,205
Maria Nading,female,group C,some college,free/reduced,none,46,64,66,58.66666667,F,C,176
Maria Keagle,female,group E,high school,standard,none,50,50,47,49,F,F,147
Maria Mccormick,female,group D,associate's degree,standard,none,65,69,70,68,P,B,204
Richard Bacote,male,group C,some high school,free/reduced,completed,45,52,49,48.66666667,F,F,146
Richard Wilburn,male,group C,associate's degree,free/reduced,completed,65,67,65,65.66666667,P,B,197
Richard Guerra,male,group E,high school,standard,none,80,76,65,73.66666667,P,B+,221
Richard Dillard,male,group D,some high school,standard,completed,62,66,68,65.33333333,P,B,196
Richard Rhoades,male,group B,some high school,free/reduced,none,48,52,45,48.33333333,F,F,145
Maria Thomas,female,group C,bachelor's degree,standard,none,77,88,87,84,P,A,252
Maria Weatherly,female,group E,associate's degree,standard,none,66,65,69,66.66666667,P,B,200
Richard Marshall,male,group D,some college,standard,completed,76,83,79,79.33333333,P,B+,238
Maria Gardner,female,group B,some high school,standard,none,62,64,66,64,P,B,192
Richard Irby,male,group D,some college,standard,completed,77,62,62,67,P,B,201
Maria Vega,female,group C,master's degree,standard,completed,69,84,85,79.33333333,P,B+,238
Richard Cervantes,male,group D,associate's degree,standard,none,61,55,52,56,P,C,168
Richard Futch,male,group C,some high school,free/reduced,completed,59,69,65,64.33333333,P,B,193
Richard Rush,male,group E,high school,free/reduced,none,55,56,51,54,P,C,162
Maria Anderson,female,group B,some college,free/reduced,none,45,53,55,51,F,C,153
Maria Cha,female,group B,bachelor's degree,free/reduced,none,78,79,76,77.66666667,P,B+,233
Maria Haley,female,group C,associate's degree,standard,completed,67,84,86,79,P,B+,237
Maria Dale,female,group D,some college,free/reduced,none,65,81,77,74.33333333,P,B+,223
Richard Locy,male,group C,associate's degree,standard,none,69,77,69,71.66666667,P,B+,215
Maria Rivera,female,group B,associate's degree,standard,none,57,69,68,64.66666667,P,B,194
Richard Israel,male,group C,some college,standard,none,59,41,42,47.33333333,F,F,142
Richard Eatman,male,group D,some high school,standard,completed,74,71,78,74.33333333,P,B+,223
Richard Barragan,male,group E,bachelor's degree,standard,none,82,62,62,68.66666667,P,B,206
Richard Kennedy,male,group E,high school,standard,completed,81,80,76,79,P,B+,237
Maria Cline,female,group B,some college,free/reduced,none,74,81,76,77,P,B+,231
Maria Smith,female,group B,some college,free/reduced,none,58,61,66,61.66666667,P,B,185
Richard Shultz,male,group D,some high school,free/reduced,completed,80,79,79,79.33333333,P,B+,238
Richard Alexander,male,group C,some college,free/reduced,none,35,28,27,30,F,F,90
Maria Carrillo,female,group C,high school,free/reduced,none,42,62,60,54.66666667,F,C,164
Richard Weir,male,group C,associate's degree,free/reduced,completed,60,51,56,55.66666667,P,C,167
Richard Phillips,male,group E,high school,standard,completed,87,91,81,86.33333333,P,A,259
Richard Vaughn,male,group B,some high school,standard,completed,84,83,75,80.66666667,P,A,242
Maria Perdue,female,group E,associate's degree,free/reduced,completed,83,86,88,85.66666667,P,A,257
Maria Spicer,female,group C,high school,free/reduced,none,34,42,39,38.33333333,F,F,115
Richard Vargas,male,group B,high school,free/reduced,none,66,77,70,71,P,B+,213
Richard Torres,male,group B,some high school,standard,completed,61,56,56,57.66666667,P,C,173
Maria Smith,female,group D,high school,standard,completed,56,68,74,66,P,B,198
Richard Vargas,male,group B,associate's degree,standard,none,87,85,73,81.66666667,P,A,245
Maria Currin,female,group C,some high school,free/reduced,none,55,65,62,60.66666667,P,B,182
Richard Jordon,male,group D,some high school,standard,none,86,80,75,80.33333333,P,A,241
Maria Rizzo,female,group B,associate's degree,standard,completed,52,66,73,63.66666667,P,B,191
Maria Otey,female,group E,master's degree,free/reduced,none,45,56,54,51.66666667,F,C,155
Maria Brown,female,group C,some college,standard,none,72,72,71,71.66666667,P,B+,215
Richard Hall,male,group D,high school,standard,none,57,50,54,53.66666667,P,C,161
Richard Bethea,male,group A,some high school,free/reduced,none,68,72,64,68,P,B,204
Maria Sealy,female,group C,some college,standard,completed,88,95,94,92.33333333,P,A+,277
Richard Martinez,male,group D,some college,standard,none,76,64,66,68.66666667,P,B,206
Richard Oliva,male,group C,associate's degree,standard,none,46,43,42,43.66666667,F,F,131
Maria Sipriano,female,group B,bachelor's degree,standard,none,67,86,83,78.66666667,P,B+,236
Richard Pavone,male,group E,some high school,standard,none,92,87,78,85.66666667,P,A,257
Richard Rivera,male,group C,bachelor's degree,standard,completed,83,82,84,83,P,A,249
Richard Gallegos,male,group D,associate's degree,standard,none,80,75,77,77.33333333,P,B+,232
Richard Comstock,male,group D,bachelor's degree,free/reduced,none,63,66,67,65.33333333,P,B,196
Maria Small,female,group D,some high school,standard,completed,64,60,74,66,P,B,198
Richard Austin,male,group B,some college,standard,none,54,52,51,52.33333333,P,C,157
Richard Leathers,male,group C,associate's degree,standard,none,84,80,80,81.33333333,P,A,244
Richard Mclaughlin,male,group D,high school,free/reduced,completed,73,68,66,69,P,B,207
Maria Love,female,group E,bachelor's degree,standard,none,80,83,83,82,P,A,246
Maria Session,female,group D,high school,standard,none,56,52,55,54.33333333,P,C,163
Richard Watts,male,group E,some college,standard,none,59,51,43,51,F,C,153
Richard Barlow,male,group D,some high school,standard,none,75,74,69,72.66666667,P,B+,218
Richard Woolum,male,group C,associate's degree,standard,none,85,76,71,77.33333333,P,B+,232
Richard Moyer,male,group E,associate's degree,standard,none,89,76,74,79.66666667,P,B+,239
Maria Templeton,female,group B,high school,standard,completed,58,70,68,65.33333333,P,B,196
Maria Wellington,female,group B,high school,standard,none,65,64,62,63.66666667,P,B,191
Richard Collins,male,group C,high school,standard,none,68,60,53,60.33333333,P,B,181
Richard Moore,male,group A,some high school,standard,completed,47,49,49,48.33333333,F,F,145
Maria Simmons,female,group D,some college,free/reduced,none,71,83,83,79,P,B+,237
Maria Green,female,group B,some high school,standard,completed,60,70,70,66.66666667,P,B,200
Richard Harness,male,group D,master's degree,standard,none,80,80,72,77.33333333,P,B+,232
Richard Leboeuf,male,group D,high school,standard,none,54,52,52,52.66666667,P,C,158
Maria Sledge,female,group E,some college,standard,none,62,73,70,68.33333333,P,B,205
Maria Ludeker,female,group C,associate's degree,free/reduced,none,64,73,68,68.33333333,P,B,205
Richard Lane,male,group C,associate's degree,standard,completed,78,77,77,77.33333333,P,B+,232
Maria Reyna,female,group B,some college,standard,none,70,75,78,74.33333333,P,B+,223
Maria Keele,female,group C,master's degree,free/reduced,completed,65,81,81,75.66666667,P,B+,227
Maria Clark,female,group C,some high school,free/reduced,completed,64,79,77,73.33333333,P,B+,220
Richard Sherrill,male,group C,some college,standard,completed,79,79,78,78.66666667,P,B+,236
Maria Brown,female,group C,some high school,free/reduced,none,44,50,51,48.33333333,F,F,145
Maria Jernigan,female,group E,high school,standard,none,99,93,90,94,P,A+,282
Richard Dax,male,group D,high school,standard,none,76,73,68,72.33333333,P,B+,217
Richard Mitchell,male,group D,some high school,free/reduced,none,59,42,41,47.33333333,F,F,142
Maria Kessler,female,group C,bachelor's degree,standard,none,63,75,81,73,P,B+,219
Maria Sanchez,female,group D,high school,standard,none,69,72,77,72.66666667,P,B+,218
Maria Shaffer,female,group D,associate's degree,standard,completed,88,92,95,91.66666667,P,A+,275
Maria Pokorney,female,group E,some college,free/reduced,none,71,76,70,72.33333333,P,B+,217
Richard Gagliardi,male,group C,bachelor's degree,standard,none,69,63,61,64.33333333,P,B,193
Richard Garza,male,group C,some college,standard,none,58,49,42,49.66666667,F,F,149
Maria Druck,female,group D,associate's degree,free/reduced,none,47,53,58,52.66666667,F,C,158
Maria Hobbs,female,group D,some college,standard,none,65,70,71,68.66666667,P,B,206
Richard Moyer,male,group B,some college,standard,completed,88,85,76,83,P,A,249
Richard Smith,male,group C,bachelor's degree,standard,none,83,78,73,78,P,B+,234
Maria Dominguez,female,group C,some high school,standard,completed,85,92,93,90,P,A+,270
Maria Valenzuela,female,group E,high school,standard,completed,59,63,75,65.66666667,P,B,197
Maria Robertson,female,group C,some high school,free/reduced,none,65,86,80,77,P,B+,231
Richard Tingle,male,group B,bachelor's degree,free/reduced,none,73,56,57,62,P,B,186
Richard Hernandez,male,group D,high school,standard,none,53,52,42,49,F,F,147
Richard Williamson,male,group D,high school,standard,none,45,48,46,46.33333333,F,F,139
Maria Fisher,female,group D,bachelor's degree,free/reduced,none,73,79,84,78.66666667,P,B+,236
Maria Spencer,female,group D,some college,free/reduced,completed,70,78,78,75.33333333,P,B+,226
Maria Iliff,female,group B,some high school,standard,none,37,46,46,43,F,F,129
Richard Mcdougall,male,group B,associate's degree,standard,completed,81,82,82,81.66666667,P,A,245
Richard Chua,male,group E,associate's degree,standard,completed,97,82,88,89,P,A,267
Maria Owings,female,group B,some high school,standard,none,67,89,82,79.33333333,P,B+,238
Richard Elzey,male,group B,bachelor's degree,free/reduced,none,88,75,76,79.66666667,P,B+,239
Richard Heyes,male,group E,some high school,standard,completed,77,76,77,76.66666667,P,B+,230
Richard Haley,male,group C,associate's degree,standard,none,76,70,68,71.33333333,P,B+,214
Richard Vega,male,group D,some high school,standard,none,86,73,70,76.33333333,P,B+,229
Richard Hardy,male,group C,some high school,standard,completed,63,60,57,60,P,B,180
Maria Moroney,female,group E,bachelor's degree,standard,none,65,73,75,71,P,B+,213
Richard Blythe,male,group D,high school,free/reduced,completed,78,77,80,78.33333333,P,B+,235
Richard Chauvin,male,group B,associate's degree,free/reduced,none,67,62,60,63,P,B,189
Richard Bolen,male,group A,some high school,standard,completed,46,41,43,43.33333333,F,F,130
Richard Peele,male,group E,associate's degree,standard,completed,71,74,68,71,P,B+,213
Richard Coffin,male,group C,high school,free/reduced,completed,40,46,50,45.33333333,F,F,136
Richard Muhammad,male,group D,associate's degree,free/reduced,none,90,87,75,84,P,A,252
Richard Cummins,male,group A,some college,free/reduced,completed,81,78,81,80,P,A,240
Richard Zarate,male,group D,some high school,free/reduced,none,56,54,52,54,P,C,162
Maria Wignall,female,group C,associate's degree,standard,completed,67,84,81,77.33333333,P,B+,232
Richard Deleon,male,group B,associate's degree,standard,none,80,76,64,73.33333333,P,B+,220
Maria Miller,female,group C,associate's degree,standard,completed,74,75,83,77.33333333,P,B+,232
Richard Ward,male,group A,some college,standard,none,69,67,69,68.33333333,P,B,205
Richard Robinett,male,group E,some college,standard,completed,99,87,81,89,P,A,267
Richard Butler,male,group C,some high school,standard,none,51,52,44,49,F,F,147
Maria Schmitz,female,group B,associate's degree,free/reduced,none,53,71,67,63.66666667,P,B,191
Maria Hargis,female,group D,high school,free/reduced,none,49,57,52,52.66666667,F,C,158
Maria Millette,female,group B,associate's degree,standard,none,73,76,80,76.33333333,P,B+,229
Richard Carson,male,group B,bachelor's degree,standard,none,66,60,57,61,P,B,183
Richard Ricks,male,group D,bachelor's degree,standard,completed,67,61,68,65.33333333,P,B,196
Maria Downs,female,group C,associate's degree,free/reduced,completed,68,67,69,68,P,B,204
Maria Smith,female,group C,bachelor's degree,standard,completed,59,64,75,66,P,B,198
Richard Robb,male,group C,high school,standard,none,71,66,65,67.33333333,P,B,202
Maria Hicks,female,group D,master's degree,standard,completed,77,82,91,83.33333333,P,A,250
Richard Wick,male,group C,associate's degree,standard,none,83,72,78,77.66666667,P,B+,233
Richard Stevens,male,group B,bachelor's degree,standard,none,63,71,69,67.66666667,P,B,203
Maria Tapia,female,group D,associate's degree,free/reduced,none,56,65,63,61.33333333,P,B,184
Maria Iha,female,group C,high school,free/reduced,completed,67,79,84,76.66666667,P,B+,230
Maria Stagner,female,group E,high school,standard,none,75,86,79,80,P,A,240
Maria Luna,female,group C,some college,standard,none,71,81,80,77.33333333,P,B+,232
Maria Smith,female,group C,some high school,free/reduced,none,43,53,53,49.66666667,F,F,149
Maria Welch,female,group C,high school,free/reduced,none,41,46,43,43.33333333,F,F,130
Maria Gentry,female,group C,some college,standard,none,82,90,94,88.66666667,P,A,266
Richard Filas,male,group C,some college,standard,none,61,61,62,61.33333333,P,B,184
Richard Vizarro,male,group A,some college,free/reduced,none,28,23,19,23.33333333,F,F,70
Richard Bush,male,group C,associate's degree,standard,completed,82,75,77,78,P,B+,234
Maria Butler,female,group B,some high school,standard,none,41,55,51,49,F,F,147
Richard Weaver,male,group C,high school,standard,none,71,60,61,64,P,B,192
Richard Cortez,male,group C,associate's degree,standard,none,47,37,35,39.66666667,F,F,119
Richard Serna,male,group E,associate's degree,standard,completed,62,56,53,57,P,C,171
Richard Morse,male,group B,associate's degree,standard,none,90,78,81,83,P,A,249
Maria Lopez,female,group C,bachelor's degree,standard,none,83,93,95,90.33333333,P,A+,271
Maria Adams,female,group B,some college,free/reduced,none,61,68,66,65,P,B,195
Richard Sweet,male,group D,some high school,standard,completed,76,70,69,71.66666667,P,B+,215
Richard Ramirez,male,group C,associate's degree,standard,none,49,51,43,47.66666667,F,F,143
Maria Bastianelli,female,group B,some high school,free/reduced,none,24,38,27,29.66666667,F,F,89
Maria Pecanty,female,group D,some high school,free/reduced,completed,35,55,60,50,F,C,150
Richard Kenon,male,group C,high school,free/reduced,none,58,61,52,57,P,C,171
Maria Gomez,female,group C,high school,standard,none,61,73,63,65.66666667,P,B,197
Maria Otero,female,group B,high school,standard,completed,69,76,74,73,P,B+,219
Richard Reinhardt,male,group D,associate's degree,standard,completed,67,72,67,68.66666667,P,B,206
Richard Dunlap,male,group D,some college,standard,none,79,73,67,73,P,B+,219
Maria King,female,group C,high school,standard,none,72,80,75,75.66666667,P,B+,227
Richard Morton,male,group B,some college,standard,none,62,61,57,60,P,B,180
Maria Watkins,female,group C,bachelor's degree,standard,completed,77,94,95,88.66666667,P,A,266
Richard Markert,male,group D,high school,free/reduced,none,75,74,66,71.66666667,P,B+,215
Richard Pack,male,group E,associate's degree,standard,none,87,74,76,79,P,B+,237
Maria Mccormick,female,group B,bachelor's degree,standard,none,52,65,69,62,P,B,186
Richard Washington,male,group E,some college,standard,none,66,57,52,58.33333333,P,C,175
Maria Mcclusky,female,group C,some college,standard,completed,63,78,80,73.66666667,P,B+,221
Maria Rollins,female,group C,associate's degree,standard,none,46,58,57,53.66666667,F,C,161
Maria Talley,female,group C,some college,standard,none,59,71,70,66.66666667,P,B,200
Maria Hurlburt,female,group B,bachelor's degree,standard,none,61,72,70,67.66666667,P,B,203
Richard Champagne,male,group A,associate's degree,standard,none,63,61,61,61.66666667,P,B,185
Maria Juarez,female,group C,some college,free/reduced,completed,42,66,69,59,F,C,177
Richard Vitale,male,group D,some college,free/reduced,none,59,62,61,60.66666667,P,B,182
Maria Zhou,female,group D,some college,standard,none,80,90,89,86.33333333,P,A,259
Maria Hacker,female,group B,high school,standard,none,58,62,59,59.66666667,P,C,179
Richard Eng,male,group B,some high school,standard,completed,85,84,78,82.33333333,P,A,247
Maria Dibbles,female,group C,some college,standard,none,52,58,58,56,P,C,168
Maria Moreno,female,group D,some high school,free/reduced,none,27,34,32,31,F,F,93
Richard Thomason,male,group C,some college,standard,none,59,60,58,59,P,C,177
Richard Wilkinson,male,group A,bachelor's degree,free/reduced,completed,49,58,60,55.66666667,F,C,167
Richard Witmer,male,group C,high school,standard,completed,69,58,53,60,P,B,180
Richard White,male,group C,bachelor's degree,free/reduced,none,61,66,61,62.66666667,P,B,188
Maria Collins,female,group A,some high school,free/reduced,none,44,64,58,55.33333333,F,C,166
Maria Moore,female,group D,some high school,standard,none,73,84,85,80.66666667,P,A,242
Richard Medina,male,group E,some college,standard,none,84,77,71,77.33333333,P,B+,232
Maria Thornton,female,group C,some college,free/reduced,completed,45,73,70,62.66666667,F,B,188
Richard Morrison,male,group D,some high school,standard,none,74,74,72,73.33333333,P,B+,220
Maria Connell,female,group D,some college,standard,completed,82,97,96,91.66666667,P,A+,275
Maria Venson,female,group D,bachelor's degree,standard,none,59,70,73,67.33333333,P,B,202
Richard Weaver,male,group E,associate's degree,free/reduced,none,46,43,41,43.33333333,F,F,130
Maria Kapinos,female,group D,some high school,standard,none,80,90,82,84,P,A,252
Maria Towery,female,group D,master's degree,free/reduced,completed,85,95,100,93.33333333,P,A+,280
Maria Barnes,female,group A,some high school,standard,none,71,83,77,77,P,B+,231
Richard Goodson,male,group A,bachelor's degree,standard,none,66,64,62,64,P,B,192
Maria Nixon,female,group B,associate's degree,standard,none,80,86,83,83,P,A,249
Richard Mcgranor,male,group C,associate's degree,standard,completed,87,100,95,94,P,A+,282
Richard Alvarado,male,group C,master's degree,free/reduced,none,79,81,71,77,P,B+,231
Maria Hernandez,female,group E,some high school,free/reduced,none,38,49,45,44,F,F,132
Maria Miller,female,group A,some high school,free/reduced,none,38,43,43,41.33333333,F,F,124
Maria Wierzbicki,female,group E,some college,standard,none,67,76,75,72.66666667,P,B+,218
Maria Scurry,female,group E,bachelor's degree,standard,none,64,73,70,69,P,B,207
Maria Lewis,female,group C,associate's degree,free/reduced,none,57,78,67,67.33333333,P,B,202
Maria Ly,female,group D,high school,standard,none,62,64,64,63.33333333,P,B,190
Richard Hice,male,group D,master's degree,standard,none,73,70,75,72.66666667,P,B+,218
Richard Reilly,male,group E,some high school,free/reduced,completed,73,67,59,66.33333333,P,B,199
Maria Zak,female,group D,some college,standard,none,77,68,77,74,P,B+,222
Richard Williams,male,group E,some college,standard,none,76,67,67,70,P,B+,210
Richard Kane,male,group C,associate's degree,standard,completed,57,54,56,55.66666667,P,C,167
Maria Mccoy,female,group C,some high school,standard,completed,65,74,77,72,P,B+,216
Richard Frazier,male,group A,high school,free/reduced,none,48,45,41,44.66666667,F,F,134
Maria Rivera,female,group B,high school,free/reduced,none,50,67,63,60,P,B,180
Maria Gregory,female,group C,associate's degree,standard,none,85,89,95,89.66666667,P,A,269
Richard Ross,male,group B,some high school,standard,none,74,63,57,64.66666667,P,B,194
Richard Sieberg,male,group D,some high school,standard,none,60,59,54,57.66666667,P,C,173
Maria Allen,female,group C,some high school,standard,completed,59,54,67,60,P,B,180
Richard Johnson,male,group A,some college,standard,none,53,43,43,46.33333333,F,F,139
Maria Krug,female,group A,some college,free/reduced,none,49,65,55,56.33333333,F,C,169
Maria Rutter,female,group D,high school,standard,completed,88,99,100,95.66666667,P,A+,287
Maria Peek,female,group C,high school,standard,none,54,59,62,58.33333333,P,C,175
Maria Walker,female,group C,some high school,standard,none,63,73,68,68,P,B,204
Richard Hill,male,group B,associate's degree,standard,completed,65,65,63,64.33333333,P,B,193
Maria Klein,female,group B,associate's degree,standard,none,82,80,77,79.66666667,P,B+,239
Maria Curran,female,group D,high school,free/reduced,completed,52,57,56,55,P,C,165
Richard Moseley,male,group D,associate's degree,standard,completed,87,84,85,85.33333333,P,A,256
Maria Barnett,female,group D,master's degree,standard,completed,70,71,74,71.66666667,P,B+,215
Richard Dafonte,male,group E,some college,standard,completed,84,83,78,81.66666667,P,A,245
Richard Pacheo,male,group D,associate's degree,standard,none,71,66,60,65.66666667,P,B,197
Richard Brasher,male,group B,some high school,standard,completed,63,67,67,65.66666667,P,B,197
Maria Duran,female,group C,bachelor's degree,free/reduced,completed,51,72,79,67.33333333,P,B,202
Richard Evenson,male,group E,high school,standard,none,84,73,69,75.33333333,P,B+,226
Richard Francis,male,group C,bachelor's degree,standard,completed,71,74,68,71,P,B+,213
Richard Kuntzman,male,group C,associate's degree,standard,none,74,73,67,71.33333333,P,B+,214
Richard Helgason,male,group D,some college,standard,none,68,59,62,63,P,B,189
Richard Paul,male,group E,high school,free/reduced,completed,57,56,54,55.66666667,P,C,167
Maria Bruce,female,group C,associate's degree,free/reduced,completed,82,93,93,89.33333333,P,A,268
Maria Haun,female,group D,high school,standard,completed,57,58,64,59.66666667,P,C,179
Maria Singleton,female,group D,master's degree,free/reduced,completed,47,58,67,57.33333333,F,C,172
Maria Brock,female,group A,some high school,standard,completed,59,85,80,74.66666667,P,B+,224
Richard Kelly,male,group B,some college,free/reduced,none,41,39,34,38,F,F,114
Maria Page,female,group C,some college,free/reduced,none,62,67,62,63.66666667,P,B,191
Richard Watson,male,group C,bachelor's degree,standard,none,86,83,86,85,P,A,255
Richard Battaglia,male,group C,some high school,free/reduced,none,69,71,65,68.33333333,P,B,205
Richard Elliott,male,group A,some high school,free/reduced,none,65,59,53,59,P,C,177
Richard Knight,male,group C,some high school,free/reduced,none,68,63,54,61.66666667,P,B,185
Richard Garcia,male,group C,associate's degree,free/reduced,none,64,66,59,63,P,B,189
Maria Sampson,female,group C,high school,standard,none,61,72,70,67.66666667,P,B,203
Richard Porter,male,group C,high school,standard,none,61,56,55,57.33333333,P,C,172
Maria Alvarez,female,group A,some high school,free/reduced,none,47,59,50,52,F,C,156
Richard Evans,male,group C,some high school,standard,none,73,66,66,68.33333333,P,B,205
Richard Burks,male,group C,some college,free/reduced,completed,50,48,53,50.33333333,F,C,151
Richard Worthy,male,group D,associate's degree,standard,none,75,68,64,69,P,B,207
Richard Dominick,male,group D,associate's degree,free/reduced,none,75,66,73,71.33333333,P,B+,214
Richard Partin,male,group C,high school,standard,none,70,56,51,59,P,C,177
Richard Glover,male,group D,some high school,standard,completed,89,88,82,86.33333333,P,A,259
Maria Savoy,female,group C,some college,standard,completed,67,81,79,75.66666667,P,B+,227
Maria Dyer,female,group D,high school,standard,none,78,81,80,79.66666667,P,B+,239
Maria Zayicek,female,group A,some high school,free/reduced,none,59,73,69,67,P,B,201
Maria Little,female,group B,associate's degree,standard,none,73,83,76,77.33333333,P,B+,232
Richard Marshall,male,group A,some high school,free/reduced,none,79,82,73,78,P,B+,234
Maria Williams,female,group C,some high school,standard,completed,67,74,77,72.66666667,P,B+,218
Richard Brewster,male,group D,some college,free/reduced,none,69,66,60,65,P,B,195
Richard Bohn,male,group C,high school,standard,completed,86,81,80,82.33333333,P,A,247
Richard Faison,male,group B,high school,standard,none,47,46,42,45,F,F,135
Richard Luechtefeld,male,group B,associate's degree,standard,none,81,73,72,75.33333333,P,B+,226
Maria Yon,female,group C,some college,free/reduced,completed,64,85,85,78,P,B+,234
Maria Nichols,female,group E,some college,standard,none,100,92,97,96.33333333,P,A+,289
Maria Glass,female,group C,associate's degree,free/reduced,none,65,77,74,72,P,B+,216
Richard Rupp,male,group C,some college,free/reduced,none,65,58,49,57.33333333,F,C,172
Maria Bozarth,female,group C,associate's degree,free/reduced,none,53,61,62,58.66666667,P,C,176
Richard Niver,male,group C,bachelor's degree,free/reduced,none,37,56,47,46.66666667,F,F,140
Maria Mead,female,group D,bachelor's degree,standard,none,79,89,89,85.66666667,P,A,257
Richard Groves,male,group D,associate's degree,free/reduced,none,53,54,48,51.66666667,F,C,155
Maria Bumbrey,female,group E,bachelor's degree,standard,none,100,100,100,100,P,A+,300
Richard Graves,male,group B,high school,standard,completed,72,65,68,68.33333333,P,B,205
Richard Brummett,male,group C,bachelor's degree,free/reduced,none,53,58,55,55.33333333,P,C,166
Richard Dodge,male,group B,some college,free/reduced,none,54,54,45,51,F,C,153
Maria Matskin,female,group E,some college,standard,none,71,70,76,72.33333333,P,B+,217
Maria Rhodes,female,group C,some college,free/reduced,none,77,90,91,86,P,A,258
Richard Eisentrout,male,group A,bachelor's degree,standard,completed,75,58,62,65,P,B,195
Maria Quintana,female,group C,some college,standard,none,84,87,91,87.33333333,P,A,262
Maria Haggard,female,group D,associate's degree,free/reduced,none,26,31,38,31.66666667,F,F,95
Richard Boshart,male,group A,high school,free/reduced,completed,72,67,65,68,P,B,204
Maria Barbagallo,female,group A,high school,free/reduced,completed,77,88,85,83.33333333,P,A,250
Richard Chappel,male,group C,some college,standard,none,91,74,76,80.33333333,P,A,241
Maria Farrell,female,group C,associate's degree,standard,completed,83,85,90,86,P,A,258
Maria Allen,female,group C,high school,standard,none,63,69,74,68.66666667,P,B,206
Maria Mosher,female,group C,associate's degree,standard,completed,68,86,84,79.33333333,P,B+,238
Maria Lorenzo,female,group D,some high school,standard,none,59,67,61,62.33333333,P,B,187
Maria Kahn,female,group B,associate's degree,standard,completed,90,90,91,90.33333333,P,A+,271
Maria Suennen,female,group D,bachelor's degree,standard,completed,71,76,83,76.66666667,P,B+,230
Richard Iyo,male,group E,bachelor's degree,standard,completed,76,62,66,68,P,B,204
Richard Wall,male,group D,associate's degree,standard,none,80,68,72,73.33333333,P,B+,220
Maria Lee,female,group D,master's degree,standard,none,55,64,70,63,P,B,189
Richard Tillman,male,group E,associate's degree,standard,none,76,71,67,71.33333333,P,B+,214
Richard Mcadams,male,group B,high school,standard,completed,73,71,68,70.66666667,P,B+,212
Maria Bell,female,group D,associate's degree,free/reduced,none,52,59,56,55.66666667,P,C,167
Richard Henderson,male,group C,some college,free/reduced,none,68,68,61,65.66666667,P,B,197
Richard Sawyer,male,group A,high school,standard,none,59,52,46,52.33333333,F,C,157
Maria Horn,female,group B,associate's degree,standard,none,49,52,54,51.66666667,F,C,155
Richard Bullins,male,group C,high school,standard,none,70,74,71,71.66666667,P,B+,215
Richard Harris,male,group D,some college,free/reduced,none,61,47,56,54.66666667,F,C,164
Maria Ward,female,group C,associate's degree,free/reduced,none,60,75,74,69.66666667,P,B,209
Richard Riggs,male,group B,some high school,standard,completed,64,53,57,58,P,C,174
Richard Gould,male,group A,associate's degree,free/reduced,completed,79,82,82,81,P,A,243
Maria Billiot,female,group A,associate's degree,free/reduced,none,65,85,76,75.33333333,P,B+,226
Maria Chisum,female,group C,associate's degree,standard,none,64,64,70,66,P,B,198
Maria Dirks,female,group C,some college,standard,none,83,83,90,85.33333333,P,A,256
Maria Barnes,female,group C,bachelor's degree,standard,none,81,88,90,86.33333333,P,A,259
Maria Bell,female,group B,high school,standard,none,54,64,68,62,P,B,186
Richard Lee,male,group D,high school,standard,completed,68,64,66,66,P,B,198
Maria Taggart,female,group C,some college,standard,none,54,48,52,51.33333333,F,C,154
Maria Huether,female,group D,some college,free/reduced,completed,59,78,76,71,P,B+,213
Maria Murphy,female,group B,some high school,standard,none,66,69,68,67.66666667,P,B,203
Richard Roseman,male,group E,some college,standard,none,76,71,72,73,P,B+,219
Maria Collins,female,group D,master's degree,standard,none,74,79,82,78.33333333,P,B+,235
Maria Mcdermott,female,group B,associate's degree,standard,completed,94,87,92,91,P,A+,273
Richard Sachse,male,group C,some college,free/reduced,none,63,61,54,59.33333333,P,C,178
Maria Korsmeyer,female,group E,associate's degree,standard,completed,95,89,92,92,P,A+,276
Maria Ruff,female,group D,master's degree,free/reduced,none,40,59,54,51,F,C,153
Maria Seneker,female,group B,some high school,standard,none,82,82,80,81.33333333,P,A,244
Richard Jaramillo,male,group A,high school,standard,none,68,70,66,68,P,B,204
Richard Wade,male,group B,bachelor's degree,free/reduced,none,55,59,54,56,P,C,168
Richard Rowland,male,group C,master's degree,standard,none,79,78,77,78,P,B+,234
Maria Ortega,female,group C,bachelor's degree,standard,none,86,92,87,88.33333333,P,A,265
Richard Wood,male,group D,some college,standard,none,76,71,73,73.33333333,P,B+,220
Richard Benoit,male,group A,some high school,standard,none,64,50,43,52.33333333,F,C,157
Richard Hasley,male,group D,some high school,free/reduced,none,62,49,52,54.33333333,F,C,163
Maria Rayner,female,group B,some high school,standard,completed,54,61,62,59,P,C,177
Maria Tirado,female,group B,master's degree,free/reduced,completed,77,97,94,89.33333333,P,A,268
Maria Williams,female,group C,some high school,standard,completed,76,87,85,82.66666667,P,A,248
Maria Harvey,female,group D,some college,standard,none,74,89,84,82.33333333,P,A,247
Maria Keyes,female,group E,some college,standard,completed,66,74,73,71,P,B+,213
Maria Rios,female,group D,some high school,standard,completed,66,78,78,74,P,B+,222
Maria Smith,female,group B,high school,free/reduced,completed,67,78,79,74.66666667,P,B+,224
Richard Oliver,male,group D,some college,standard,none,71,49,52,57.33333333,F,C,172
Maria Fedele,female,group C,associate's degree,standard,none,91,86,84,87,P,A,261
Richard Hewlett,male,group D,bachelor's degree,standard,none,69,58,57,61.33333333,P,B,184
Richard Bourne,male,group C,master's degree,free/reduced,none,54,59,50,54.33333333,P,C,163
Richard Hayes,male,group C,high school,standard,completed,53,52,49,51.33333333,F,C,154
Richard Allums,male,group E,some college,standard,none,68,60,59,62.33333333,P,B,187
Richard Adams,male,group C,some high school,free/reduced,completed,56,61,60,59,P,C,177
Maria Winslow,female,group C,high school,free/reduced,none,36,53,43,44,F,F,132
Maria Smith,female,group D,bachelor's degree,free/reduced,none,29,41,47,39,F,F,117
Maria Smith,female,group C,associate's degree,standard,none,62,74,70,68.66666667,P,B,206
Maria Valado,female,group C,associate's degree,standard,completed,68,67,73,69.33333333,P,B,208
Maria Rose,female,group C,some high school,standard,none,47,54,53,51.33333333,F,C,154
Richard Adams,male,group E,associate's degree,standard,completed,62,61,58,60.33333333,P,B,181
Maria Giraldo,female,group E,associate's degree,standard,completed,79,88,94,87,P,A,261
Richard Adams,male,group B,high school,standard,completed,73,69,68,70,P,B+,210
Maria Sweet,female,group C,bachelor's degree,free/reduced,completed,66,83,83,77.33333333,P,B+,232
Richard Bennion,male,group C,associate's degree,standard,completed,51,60,58,56.33333333,P,C,169
Maria Patchell,female,group D,high school,standard,none,51,66,62,59.66666667,P,C,179
Richard Davidson,male,group E,bachelor's degree,standard,completed,85,66,71,74,P,B+,222
Richard Baker,male,group A,associate's degree,standard,completed,97,92,86,91.66666667,P,A+,275
Richard Parks,male,group C,high school,standard,completed,75,69,68,70.66666667,P,B+,212
Richard Goldberger,male,group D,associate's degree,free/reduced,completed,79,82,80,80.33333333,P,A,241
Maria Deal,female,group C,associate's degree,standard,none,81,77,79,79,P,B+,237
Maria Trevino,female,group D,associate's degree,standard,none,82,95,89,88.66666667,P,A,266
Maria Thomas,female,group D,master's degree,standard,none,64,63,66,64.33333333,P,B,193
Richard Stoneback,male,group E,some high school,free/reduced,completed,78,83,80,80.33333333,P,A,241
Maria Williams,female,group A,some high school,standard,completed,92,100,97,96.33333333,P,A+,289
Richard Youtsey,male,group C,high school,standard,completed,72,67,64,67.66666667,P,B,203
Maria Reyna,female,group C,high school,free/reduced,none,62,67,64,64.33333333,P,B,193
Richard Hunter,male,group C,master's degree,standard,none,79,72,69,73.33333333,P,B+,220
Richard Peterson,male,group C,some high school,free/reduced,none,79,76,65,73.33333333,P,B+,220
Richard Waller,male,group B,bachelor's degree,free/reduced,completed,87,90,88,88.33333333,P,A,265
Maria Coburn,female,group B,associate's degree,standard,none,40,48,50,46,F,F,138
Richard Flatt,male,group D,some college,free/reduced,none,77,62,64,67.66666667,P,B,203
Richard Severance,male,group E,associate's degree,standard,none,53,45,40,46,F,F,138
Maria Rodriguez,female,group C,some college,free/reduced,none,32,39,33,34.66666667,F,F,104
Maria Fischer,female,group C,associate's degree,standard,completed,55,72,79,68.66666667,P,B,206
Richard Swank,male,group C,master's degree,free/reduced,none,61,67,66,64.66666667,P,B,194
Maria Martinez,female,group B,associate's degree,free/reduced,none,53,70,70,64.33333333,P,B,193
Richard Thompson,male,group D,some high school,standard,none,73,66,62,67,P,B,201
Maria Williams,female,group D,some college,standard,completed,74,75,79,76,P,B+,228
Maria Ford,female,group C,some college,standard,none,63,74,74,70.33333333,P,B+,211
Richard Marro,male,group C,bachelor's degree,standard,completed,96,90,92,92.66666667,P,A+,278
Maria Martin,female,group D,some college,free/reduced,completed,63,80,80,74.33333333,P,B+,223
Richard Thompson,male,group B,bachelor's degree,free/reduced,none,48,51,46,48.33333333,F,F,145
Richard Malone,male,group B,associate's degree,standard,none,48,43,45,45.33333333,F,F,136
Maria Willits,female,group E,bachelor's degree,free/reduced,completed,92,100,100,97.33333333,P,A+,292
Maria Brawley,female,group D,master's degree,free/reduced,completed,61,71,78,70,P,B+,210
Richard Mcelhaney,male,group B,high school,free/reduced,none,63,48,47,52.66666667,F,C,158
Richard Puskar,male,group D,bachelor's degree,free/reduced,none,68,68,67,67.66666667,P,B,203
Richard Millican,male,group B,some college,standard,completed,71,75,70,72,P,B+,216
Richard Adkins,male,group A,bachelor's degree,standard,none,91,96,92,93,P,A+,279
Maria Wallace,female,group C,some college,standard,none,53,62,56,57,P,C,171
Maria Burton,female,group C,high school,free/reduced,completed,50,66,64,60,P,B,180
Maria King,female,group E,high school,standard,none,74,81,71,75.33333333,P,B+,226
Richard Strong,male,group A,associate's degree,free/reduced,completed,40,55,53,49.33333333,F,F,148
Richard Seal,male,group A,some college,standard,completed,61,51,52,54.66666667,P,C,164
Maria Morales,female,group B,high school,standard,none,81,91,89,87,P,A,261
Maria Jackson,female,group B,some college,free/reduced,completed,48,56,58,54,F,C,162
Maria Guadalupe,female,group D,master's degree,standard,none,53,61,68,60.66666667,P,B,182
Maria Perkins,female,group D,some high school,standard,none,81,97,96,91.33333333,P,A+,274
Maria Sweeney,female,group E,some high school,standard,none,77,79,80,78.66666667,P,B+,236
Maria Fulks,female,group D,bachelor's degree,free/reduced,none,63,73,78,71.33333333,P,B+,214
Maria Thomas,female,group D,associate's degree,standard,completed,73,75,80,76,P,B+,228
Maria Beaudry,female,group D,some college,standard,none,69,77,77,74.33333333,P,B+,223
Maria Andrews,female,group C,associate's degree,standard,none,65,76,76,72.33333333,P,B+,217
Maria Feliciano,female,group A,high school,standard,none,55,73,73,67,P,B,201
Maria Kalkman,female,group C,bachelor's degree,free/reduced,none,44,63,62,56.33333333,F,C,169
Maria Anderson,female,group C,some college,standard,none,54,64,65,61,P,B,183
Maria Greenough,female,group A,some high school,standard,none,48,66,65,59.66666667,F,C,179
Richard Mcallister,male,group C,some college,free/reduced,none,58,57,54,56.33333333,P,C,169
Richard Johnson,male,group A,some high school,standard,none,71,62,50,61,P,B,183
Richard Edwards,male,group E,bachelor's degree,standard,none,68,68,64,66.66666667,P,B,200
Maria Kirby,female,group E,high school,standard,none,74,76,73,74.33333333,P,B+,223
Maria Ewing,female,group C,bachelor's degree,standard,completed,92,100,99,97,P,A+,291
Maria Decker,female,group C,bachelor's degree,standard,completed,56,79,72,69,P,B,207
Richard Boyd,male,group B,high school,free/reduced,none,30,24,15,23,F,F,69
Richard Hefferon,male,group A,some high school,standard,none,53,54,48,51.66666667,F,C,155
Maria Leonard,female,group D,high school,standard,none,69,77,73,73,P,B+,219
Maria Weiner,female,group D,some high school,standard,none,65,82,81,76,P,B+,228
Maria Glass,female,group D,master's degree,standard,none,54,60,63,59,P,C,177
Maria Board,female,group C,high school,standard,none,29,29,30,29.33333333,F,F,88
Maria Carleton,female,group E,some college,standard,none,76,78,80,78,P,B+,234
Richard Sasser,male,group D,high school,free/reduced,none,60,57,51,56,P,C,168
Richard Curtis,male,group D,master's degree,free/reduced,completed,84,89,90,87.66666667,P,A,263
Richard Walker,male,group C,some high school,standard,none,75,72,62,69.66666667,P,B,209
Maria Ross,female,group C,associate's degree,standard,none,85,84,82,83.66666667,P,A,251
Maria Kennedy,female,group C,master's degree,free/reduced,none,40,58,54,50.66666667,F,C,152
Maria Hatherly,female,group E,some college,standard,none,61,64,62,62.33333333,P,B,187
Maria Cheney,female,group B,associate's degree,standard,none,58,63,65,62,P,B,186
Richard Pastian,male,group D,some college,free/reduced,completed,69,60,63,64,P,B,192
Maria Hicks,female,group C,some college,standard,none,58,59,66,61,P,B,183
Richard Stevens,male,group C,bachelor's degree,standard,completed,94,90,91,91.66666667,P,A+,275
Maria Herman,female,group C,associate's degree,standard,none,65,77,74,72,P,B+,216
Maria Randell,female,group A,associate's degree,standard,none,82,93,93,89.33333333,P,A,268
Maria Kohl,female,group C,high school,standard,none,60,68,72,66.66666667,P,B,200
Maria Kramer,female,group E,bachelor's degree,standard,none,37,45,38,40,F,F,120
Richard Pickens,male,group D,bachelor's degree,standard,none,88,78,83,83,P,A,249
Richard Raymond,male,group D,master's degree,standard,none,95,81,84,86.66666667,P,A,260
Richard Gibson,male,group C,associate's degree,free/reduced,completed,65,73,68,68.66666667,P,B,206
Maria Sanchez,female,group C,high school,free/reduced,none,35,61,54,50,F,C,150
Richard Cordova,male,group B,bachelor's degree,free/reduced,none,62,63,56,60.33333333,P,B,181
Richard Killeen,male,group C,high school,free/reduced,completed,58,51,52,53.66666667,P,C,161
Richard Coston,male,group A,some college,standard,completed,100,96,86,94,P,A+,282
Maria Torres,female,group E,bachelor's degree,free/reduced,none,61,58,62,60.33333333,P,B,181
Richard Jackson,male,group D,some college,standard,completed,100,97,99,98.66666667,P,A+,296
Richard Piraino,male,group B,associate's degree,free/reduced,completed,69,70,63,67.33333333,P,B,202
Richard Noyes,male,group D,associate's degree,standard,none,61,48,46,51.66666667,F,C,155
Richard Yuan,male,group D,some college,free/reduced,none,49,57,46,50.66666667,F,C,152
Maria Tanner,female,group C,some high school,standard,completed,44,51,55,50,F,C,150
Richard Tyson,male,group D,some college,standard,none,67,64,70,67,P,B,201
Richard Nguyen,male,group B,high school,standard,none,79,60,65,68,P,B,204
Maria Viera,female,group B,bachelor's degree,standard,completed,66,74,81,73.66666667,P,B+,221
Maria Rodriquez,female,group C,high school,standard,none,75,88,85,82.66666667,P,A,248
Richard Coto,male,group D,some high school,standard,none,84,84,80,82.66666667,P,A,248
Richard Ruffin,male,group A,high school,standard,none,71,74,64,69.66666667,P,B,209
Maria Burris,female,group B,high school,free/reduced,completed,67,80,81,76,P,B+,228
Maria Ginsburg,female,group D,some high school,standard,completed,80,92,88,86.66666667,P,A,260
Richard Curtis,male,group E,some college,standard,none,86,76,74,78.66666667,P,B+,236
Maria Hanneman,female,group D,associate's degree,standard,none,76,74,73,74.33333333,P,B+,223
Richard Whyte,male,group D,high school,standard,none,41,52,51,48,F,F,144
Maria Reed,female,group D,associate's degree,free/reduced,completed,74,88,90,84,P,A,252
Maria Anderson,female,group B,some high school,free/reduced,none,72,81,79,77.33333333,P,B+,232
Maria Saddler,female,group E,high school,standard,completed,74,79,80,77.66666667,P,B+,233
Richard Chancellor,male,group B,high school,standard,none,70,65,60,65,P,B,195
Maria Abraham,female,group B,bachelor's degree,standard,completed,65,81,81,75.66666667,P,B+,227
Maria Oliver,female,group D,associate's degree,standard,none,59,70,65,64.66666667,P,B,194
Maria Remaley,female,group E,high school,free/reduced,none,64,62,68,64.66666667,P,B,194
Maria Richards,female,group B,high school,standard,none,50,53,55,52.66666667,P,C,158
Maria Medeiros,female,group D,some college,standard,completed,69,79,81,76.33333333,P,B+,229
Richard Mcentegart,male,group C,some high school,free/reduced,completed,51,56,53,53.33333333,P,C,160
Maria Wasson,female,group A,high school,standard,completed,68,80,76,74.66666667,P,B+,224
Maria Hernandez,female,group D,some college,standard,completed,85,86,98,89.66666667,P,A,269
Maria Averett,female,group A,associate's degree,standard,completed,65,70,74,69.66666667,P,B,209
Maria Cheeks,female,group B,some high school,standard,none,73,79,79,77,P,B+,231
Maria Ferry,female,group B,some college,standard,none,62,67,67,65.33333333,P,B,196
Richard Henry,male,group C,associate's degree,free/reduced,none,77,67,64,69.33333333,P,B,208
Richard Kunzler,male,group D,some high school,standard,none,69,66,61,65.33333333,P,B,196
Maria Smith,female,group D,associate's degree,free/reduced,none,43,60,58,53.66666667,F,C,161
Richard Wagner,male,group D,associate's degree,standard,none,90,87,85,87.33333333,P,A,262
Richard Stiles,male,group C,some college,free/reduced,none,74,77,73,74.66666667,P,B+,224
Richard Nason,male,group C,some high school,standard,none,73,66,63,67.33333333,P,B,202
Maria Hilty,female,group D,some college,free/reduced,none,55,71,69,65,P,B,195
Maria Schaming,female,group C,high school,standard,none,65,69,67,67,P,B,201
Richard Soper,male,group D,associate's degree,standard,none,80,63,63,68.66666667,P,B,206
Maria King,female,group C,some high school,free/reduced,completed,50,60,60,56.66666667,P,C,170
Maria Pitts,female,group C,some college,free/reduced,completed,63,73,71,69,P,B,207
Maria Jacobs,female,group B,bachelor's degree,free/reduced,none,77,85,87,83,P,A,249
Richard Jones,male,group C,some college,standard,none,73,74,61,69.33333333,P,B,208
Richard Waite,male,group D,associate's degree,standard,completed,81,72,77,76.66666667,P,B+,230
Maria Brown,female,group C,high school,free/reduced,none,66,76,68,70,P,B+,210
Richard Garner,male,group D,associate's degree,free/reduced,none,52,57,50,53,P,C,159
Maria Graham,female,group C,some college,standard,none,69,78,76,74.33333333,P,B+,223
Maria Williams,female,group C,associate's degree,standard,completed,65,84,84,77.66666667,P,B+,233
Maria Ellis,female,group D,high school,standard,completed,69,77,78,74.66666667,P,B+,224
Maria Washington,female,group B,some college,standard,completed,50,64,66,60,P,B,180
Maria Carman,female,group E,some college,standard,completed,73,78,76,75.66666667,P,B+,227
Maria Shoe,female,group C,some high school,standard,completed,70,82,76,76,P,B+,228
Richard Naone,male,group D,associate's degree,free/reduced,none,81,75,78,78,P,B+,234
Richard Ackerman,male,group D,some college,free/reduced,none,63,61,60,61.33333333,P,B,184
Maria Johnson,female,group D,high school,standard,none,67,72,74,71,P,B+,213
Richard Skinner,male,group B,high school,standard,none,60,68,60,62.66666667,P,B,188
Richard Wise,male,group B,high school,standard,none,62,55,54,57,P,C,171
Maria Gariepy,female,group C,some high school,free/reduced,completed,29,40,44,37.66666667,F,F,113
Richard Schmidt,male,group B,some college,standard,completed,62,66,68,65.33333333,P,B,196
Maria Kelly,female,group E,master's degree,standard,completed,94,99,100,97.66666667,P,A+,293
Richard Newcombe,male,group E,some college,standard,completed,85,75,68,76,P,B+,228
Richard Pfeiffer,male,group D,associate's degree,free/reduced,none,77,78,73,76,P,B+,228
Richard Hawkins,male,group A,high school,free/reduced,none,53,58,44,51.66666667,F,C,155
Richard Pennington,male,group E,some college,free/reduced,none,93,90,83,88.66666667,P,A,266
Maria Barraza,female,group C,associate's degree,standard,none,49,53,53,51.66666667,F,C,155
Maria Barr,female,group E,associate's degree,free/reduced,none,73,76,78,75.66666667,P,B+,227
Maria Beaty,female,group C,bachelor's degree,free/reduced,completed,66,74,81,73.66666667,P,B+,221
Maria English,female,group D,associate's degree,standard,none,77,77,73,75.66666667,P,B+,227
Maria Mahoney,female,group C,some high school,standard,none,49,63,56,56,F,C,168
Maria Snively,female,group D,some college,free/reduced,none,79,89,86,84.66666667,P,A,254
Maria Davis,female,group C,associate's degree,standard,completed,75,82,90,82.33333333,P,A,247
Maria Merrifield,female,group A,bachelor's degree,standard,none,59,72,70,67,P,B,201
Maria Fontenot,female,group D,associate's degree,standard,completed,57,78,79,71.33333333,P,B+,214
Richard Viard,male,group C,high school,free/reduced,none,66,66,59,63.66666667,P,B,191
Maria Vergara,female,group E,bachelor's degree,standard,completed,79,81,82,80.66666667,P,A,242
Maria Lo,female,group B,some high school,standard,none,57,67,72,65.33333333,P,B,196
Richard Dalton,male,group A,bachelor's degree,standard,completed,87,84,87,86,P,A,258
Maria Peoples,female,group D,some college,standard,none,63,64,67,64.66666667,P,B,194
Maria Garcia,female,group B,some high school,free/reduced,completed,59,63,64,62,P,B,186
Richard Cotner,male,group A,bachelor's degree,free/reduced,none,62,72,65,66.33333333,P,B,199
Richard Lorraine,male,group D,high school,standard,none,46,34,36,38.66666667,F,F,116
Richard Robinson,male,group C,some college,standard,none,66,59,52,59,P,C,177
Richard Kinde,male,group D,high school,standard,none,89,87,79,85,P,A,255
Maria Brown,female,group D,associate's degree,free/reduced,completed,42,61,58,53.66666667,F,C,161
Richard Bates,male,group C,some college,standard,completed,93,84,90,89,P,A,267
Maria Mitchell,female,group E,some high school,standard,completed,80,85,85,83.33333333,P,A,250
Maria Williams,female,group D,some college,standard,none,98,100,99,99,P,A+,297
Richard Pena,male,group D,master's degree,standard,none,81,81,84,82,P,A,246
Maria Simmons,female,group B,some high school,standard,completed,60,70,74,68,P,B,204
Maria Saari,female,group B,associate's degree,free/reduced,completed,76,94,87,85.66666667,P,A,257
Richard Decker,male,group C,associate's degree,standard,completed,73,78,72,74.33333333,P,B+,223
Maria Argabright,female,group C,associate's degree,standard,completed,96,96,99,97,P,A+,291
Maria Simpson,female,group C,high school,standard,none,76,76,74,75.33333333,P,B+,226
Richard Ciprian,male,group E,associate's degree,free/reduced,completed,91,73,80,81.33333333,P,A,244
Maria Walker,female,group C,some college,free/reduced,none,62,72,70,68,P,B,204
Richard Simon,male,group D,some high school,free/reduced,completed,55,59,59,57.66666667,P,C,173
Maria Talamo,female,group B,some high school,free/reduced,completed,74,90,88,84,P,A,252
Richard Hamons,male,group C,high school,standard,none,50,48,42,46.66666667,F,F,140
Richard Harris,male,group B,some college,standard,none,47,43,41,43.66666667,F,F,131
Richard Albino,male,group E,some college,standard,completed,81,74,71,75.33333333,P,B+,226
Maria Pena,female,group E,associate's degree,standard,completed,65,75,77,72.33333333,P,B+,217
Richard Carlson,male,group E,some high school,standard,completed,68,51,57,58.66666667,P,C,176
Maria Parks,female,group D,high school,free/reduced,none,73,92,84,83,P,A,249
Richard Bredesen,male,group C,some college,standard,none,53,39,37,43,F,F,129
Maria Daily,female,group B,associate's degree,free/reduced,completed,68,77,80,75,P,B+,225
Richard Bentson,male,group A,some high school,free/reduced,none,55,46,43,48,F,F,144
Maria Washington,female,group C,some college,standard,completed,87,89,94,90,P,A+,270
Richard Hammonds,male,group D,some high school,standard,none,55,47,44,48.66666667,F,F,146
Maria Heidema,female,group E,some college,free/reduced,none,53,58,57,56,P,C,168
Richard Lee,male,group C,master's degree,standard,none,67,57,59,61,P,B,183
Richard Wheeler,male,group C,associate's degree,standard,none,92,79,84,85,P,A,255
Maria Fletcher,female,group B,some college,free/reduced,completed,53,66,73,64,P,B,192
Richard Holiday,male,group D,associate's degree,standard,none,81,71,73,75,P,B+,225
Richard Younger,male,group C,high school,free/reduced,none,61,60,55,58.66666667,P,C,176
Richard Srinivasan,male,group D,bachelor's degree,standard,none,80,73,72,75,P,B+,225
Maria Rudd,female,group A,associate's degree,free/reduced,none,37,57,56,50,F,C,150
Maria Bouchard,female,group C,high school,standard,none,81,84,82,82.33333333,P,A,247
Maria Hall,female,group C,associate's degree,standard,completed,59,73,72,68,P,B,204
Richard Brooks,male,group B,some college,free/reduced,none,55,55,47,52.33333333,F,C,157
Richard Garvin,male,group D,associate's degree,standard,none,72,79,74,75,P,B+,225
Richard Kendall,male,group D,high school,standard,none,69,75,71,71.66666667,P,B+,215
Richard Williams,male,group C,some college,standard,none,69,64,68,67,P,B,201
Maria Wright,female,group C,bachelor's degree,free/reduced,none,50,60,59,56.33333333,P,C,169
Richard Walden,male,group B,some college,standard,completed,87,84,86,85.66666667,P,A,257
Richard Camacho,male,group D,some high school,standard,completed,71,69,68,69.33333333,P,B,208
Richard Aeschliman,male,group E,some college,standard,none,68,72,65,68.33333333,P,B,205
Richard Gordon,male,group C,master's degree,free/reduced,completed,79,77,75,77,P,B+,231
Maria Nelson,female,group C,some high school,standard,completed,77,90,85,84,P,A,252
Richard Tellis,male,group C,associate's degree,free/reduced,none,58,55,53,55.33333333,P,C,166
Maria Gabbard,female,group E,associate's degree,standard,none,84,95,92,90.33333333,P,A+,271
Richard Ortiz,male,group D,some college,standard,none,55,58,52,55,P,C,165
Richard Vigil,male,group E,bachelor's degree,free/reduced,completed,70,68,72,70,P,B+,210
Maria Dempsey,female,group D,some college,free/reduced,completed,52,59,65,58.66666667,P,C,176
Richard Sikora,male,group B,some college,standard,completed,69,77,77,74.33333333,P,B+,223
Maria Alexander,female,group C,high school,free/reduced,none,53,72,64,63,P,B,189
Maria Rogers,female,group D,some high school,standard,none,48,58,54,53.33333333,F,C,160
Richard Peer,male,group D,some high school,standard,completed,78,81,86,81.66666667,P,A,245
Maria Guzman,female,group B,high school,standard,none,62,62,63,62.33333333,P,B,187
Richard Johnston,male,group D,some college,standard,none,60,63,59,60.66666667,P,B,182
Maria Pieper,female,group B,high school,standard,none,74,72,72,72.66666667,P,B+,218
Maria Clarke,female,group C,high school,standard,completed,58,75,77,70,P,B+,210
Richard Conrad,male,group B,high school,standard,completed,76,62,60,66,P,B,198
Maria Dibello,female,group D,some high school,standard,none,68,71,75,71.33333333,P,B+,214
Richard Edwards,male,group A,some college,free/reduced,none,58,60,57,58.33333333,P,C,175
Richard Kaufman,male,group B,high school,standard,none,52,48,49,49.66666667,F,F,149
Richard Rambo,male,group D,bachelor's degree,standard,none,75,73,74,74,P,B+,222
Maria Boland,female,group B,some high school,free/reduced,completed,52,67,72,63.66666667,P,B,191
Maria Galloway,female,group C,bachelor's degree,free/reduced,none,62,78,79,73,P,B+,219
Richard Behr,male,group B,some college,standard,none,66,65,60,63.66666667,P,B,191
Maria Sieck,female,group B,some high school,free/reduced,none,49,58,55,54,F,C,162
Maria Hambright,female,group B,high school,standard,none,66,72,70,69.33333333,P,B,208
Maria Scott,female,group C,some college,free/reduced,none,35,44,43,40.66666667,F,F,122
Maria Garwood,female,group A,some college,standard,completed,72,79,82,77.66666667,P,B+,233
Richard Violet,male,group E,associate's degree,standard,completed,94,85,82,87,P,A,261
Maria Rickel,female,group D,associate's degree,free/reduced,none,46,56,57,53,F,C,159
Maria Connor,female,group B,master's degree,standard,none,77,90,84,83.66666667,P,A,251
Maria Sprague,female,group B,high school,free/reduced,completed,76,85,82,81,P,A,243
Maria Vasquez,female,group C,associate's degree,standard,completed,52,59,62,57.66666667,P,C,173
Richard Hein,male,group C,bachelor's degree,standard,completed,91,81,79,83.66666667,P,A,251
Maria Concepcion,female,group B,some high school,standard,completed,32,51,44,42.33333333,F,F,127
Maria Bourget,female,group E,some high school,free/reduced,none,72,79,77,76,P,B+,228
Maria Brown,female,group B,some college,standard,none,19,38,32,29.66666667,F,F,89
Richard Ryan,male,group C,associate's degree,free/reduced,none,68,65,61,64.66666667,P,B,194
Maria Larson,female,group C,master's degree,free/reduced,none,52,65,61,59.33333333,P,C,178
Maria Livingston,female,group B,high school,standard,none,48,62,60,56.66666667,F,C,170
Maria Shull,female,group D,some college,free/reduced,none,60,66,70,65.33333333,P,B,196
Richard Flippen,male,group D,high school,free/reduced,none,66,74,69,69.66666667,P,B,209
Richard Serrano,male,group E,some high school,standard,completed,89,84,77,83.33333333,P,A,250
Maria Hughes,female,group B,high school,standard,none,42,52,51,48.33333333,F,F,145
Maria Gibney,female,group E,associate's degree,free/reduced,completed,57,68,73,66,P,B,198
Richard Richards,male,group D,high school,standard,none,70,70,70,70,P,B+,210
Maria Miller,female,group E,associate's degree,free/reduced,none,70,84,81,78.33333333,P,B+,235
Richard Smith,male,group E,some college,standard,none,69,60,54,61,P,B,183
Maria Antoine,female,group C,associate's degree,standard,none,52,55,57,54.66666667,P,C,164
Richard Hill,male,group C,some high school,standard,completed,67,73,68,69.33333333,P,B,208
Richard Irwin,male,group C,some high school,standard,completed,76,80,73,76.33333333,P,B+,229
Maria Moore,female,group E,associate's degree,standard,none,87,94,95,92,P,A+,276
Maria Burr,female,group B,some college,standard,none,82,85,87,84.66666667,P,A,254
Maria Jackson,female,group C,some college,standard,none,73,76,78,75.66666667,P,B+,227
Richard Brooks,male,group A,some college,free/reduced,none,75,81,74,76.66666667,P,B+,230
Maria Wallace,female,group D,some college,free/reduced,none,64,74,75,71,P,B+,213
Maria Figueroa,female,group E,high school,free/reduced,none,41,45,40,42,F,F,126
Richard Mahoney,male,group C,high school,standard,none,90,75,69,78,P,B+,234
Richard Clemons,male,group B,bachelor's degree,standard,none,59,54,51,54.66666667,P,C,164
Richard Liggins,male,group A,some high school,standard,none,51,31,36,39.33333333,F,F,118
Richard Mullens,male,group A,high school,free/reduced,none,45,47,49,47,F,F,141
Maria Funderburk,female,group C,master's degree,standard,completed,54,64,67,61.66666667,P,B,185
Richard Donahue,male,group E,some high school,standard,completed,87,84,76,82.33333333,P,A,247
Maria Andrade,female,group C,high school,standard,none,72,80,83,78.33333333,P,B+,235
Richard Roach,male,group B,some high school,standard,completed,94,86,87,89,P,A,267
Maria Gaston,female,group A,bachelor's degree,standard,none,45,59,64,56,F,C,168
Richard Hassell,male,group D,bachelor's degree,free/reduced,completed,61,70,76,69,P,B,207
Maria Frisch,female,group B,high school,free/reduced,none,60,72,68,66.66666667,P,B,200
Maria Sims,female,group C,some high school,standard,none,77,91,88,85.33333333,P,A,256
Maria Gubler,female,group A,some high school,standard,completed,85,90,92,89,P,A,267
Maria Stokes,female,group D,bachelor's degree,free/reduced,none,78,90,93,87,P,A,261
Richard Adams,male,group E,some college,free/reduced,completed,49,52,51,50.66666667,F,C,152
Maria Stinson,female,group B,high school,free/reduced,none,71,87,82,80,P,A,240
Maria Cooper,female,group C,some high school,free/reduced,none,48,58,52,52.66666667,F,C,158
Richard Dunn,male,group C,high school,standard,none,62,67,58,62.33333333,P,B,187
Maria Foley,female,group C,associate's degree,free/reduced,completed,56,68,70,64.66666667,P,B,194
Maria Jauregui,female,group C,some high school,standard,none,65,69,76,70,P,B+,210
Maria Verley,female,group D,some high school,free/reduced,completed,69,86,81,78.66666667,P,B+,236
Richard Cairns,male,group B,some high school,standard,none,68,54,53,58.33333333,P,C,175
Maria Dow,female,group A,some college,free/reduced,none,61,60,57,59.33333333,P,C,178
Maria Lambrakis,female,group C,bachelor's degree,free/reduced,completed,74,86,89,83,P,A,249
Richard Martin,male,group A,bachelor's degree,standard,none,64,60,58,60.66666667,P,B,182
Maria Kelley,female,group B,high school,standard,completed,77,82,89,82.66666667,P,A,248
Richard Brasher,male,group B,some college,standard,none,58,50,45,51,F,C,153
Maria Wargo,female,group C,high school,standard,completed,60,64,74,66,P,B,198
Richard Magic,male,group E,high school,standard,none,73,64,57,64.66666667,P,B,194
Maria Fields,female,group A,high school,standard,completed,75,82,79,78.66666667,P,B+,236
Richard Fields,male,group B,associate's degree,free/reduced,completed,58,57,53,56,P,C,168
Maria Massie,female,group C,associate's degree,standard,none,66,77,73,72,P,B+,216
Maria Mcfadden,female,group D,high school,free/reduced,none,39,52,46,45.66666667,F,F,137
Richard Manns,male,group C,some high school,standard,none,64,58,51,57.66666667,P,C,173
Maria Lindelof,female,group B,high school,free/reduced,completed,23,44,36,34.33333333,F,F,103
Richard Sullivan,male,group B,some college,free/reduced,completed,74,77,76,75.66666667,P,B+,227
Maria Tollison,female,group D,some high school,free/reduced,completed,40,65,64,56.33333333,F,C,169
Richard Hansford,male,group E,master's degree,standard,none,90,85,84,86.33333333,P,A,259
Richard Vitiello,male,group C,master's degree,standard,completed,91,85,85,87,P,A,261
Richard Krantz,male,group D,high school,standard,none,64,54,50,56,P,C,168
Maria Green,female,group C,high school,standard,none,59,72,68,66.33333333,P,B,199
Richard Hawthorne,male,group D,associate's degree,standard,none,80,75,69,74.66666667,P,B+,224
Richard Land,male,group C,master's degree,standard,none,71,67,67,68.33333333,P,B,205
Maria Ortiz,female,group A,high school,standard,none,61,68,63,64,P,B,192
Maria Rodgers,female,group E,some college,standard,none,87,85,93,88.33333333,P,A,265
Richard Harden,male,group E,some high school,standard,none,82,67,61,70,P,B+,210
Richard Sewell,male,group C,some high school,standard,none,62,64,55,60.33333333,P,B,181
Maria Degirolamo,female,group B,bachelor's degree,standard,none,97,97,96,96.66666667,P,A+,290
Richard Lin,male,group B,some college,free/reduced,none,75,68,65,69.33333333,P,B,208
Maria Smith,female,group C,bachelor's degree,standard,none,65,79,81,75,P,B+,225
Richard Mcquaig,male,group B,high school,standard,completed,52,49,46,49,F,F,147
Richard Gordon,male,group C,associate's degree,free/reduced,none,87,73,72,77.33333333,P,B+,232
Maria Manheim,female,group C,associate's degree,standard,none,53,62,53,56,P,C,168
Maria Marine,female,group E,master's degree,free/reduced,none,81,86,87,84.66666667,P,A,254
Richard Pokora,male,group D,bachelor's degree,free/reduced,completed,39,42,38,39.66666667,F,F,119
Maria Cline,female,group C,some college,standard,completed,71,71,80,74,P,B+,222
Richard Fink,male,group C,associate's degree,standard,none,97,93,91,93.66666667,P,A+,281
Richard Byington,male,group D,some college,standard,completed,82,82,88,84,P,A,252
Richard Horr,male,group C,high school,free/reduced,none,59,53,52,54.66666667,P,C,164
Richard Tyson,male,group B,associate's degree,standard,none,61,42,41,48,F,F,144
Richard Sinstack,male,group E,associate's degree,free/reduced,completed,78,74,72,74.66666667,P,B+,224
Richard Pistilli,male,group C,associate's degree,free/reduced,none,49,51,51,50.33333333,F,C,151
Richard Thomas,male,group B,high school,standard,none,59,58,47,54.66666667,F,C,164
Maria Shaver,female,group C,some college,standard,completed,70,72,76,72.66666667,P,B+,218
Richard Clewell,male,group B,associate's degree,standard,completed,82,84,78,81.33333333,P,A,244
Richard Rice,male,group E,associate's degree,free/reduced,none,90,90,82,87.33333333,P,A,262
Maria Malone,female,group C,bachelor's degree,free/reduced,none,43,62,61,55.33333333,F,C,166
Richard Anthony,male,group C,some college,free/reduced,none,80,64,66,70,P,B+,210
Richard Blaze,male,group D,some college,standard,none,81,82,84,82.33333333,P,A,247
Richard Weber,male,group C,some high school,standard,none,57,61,54,57.33333333,P,C,172
Maria Springer,female,group D,some high school,standard,none,59,72,80,70.33333333,P,B+,211
Maria Raper,female,group D,associate's degree,standard,none,64,76,74,71.33333333,P,B+,214
Richard Bucknell,male,group C,bachelor's degree,standard,completed,63,64,66,64.33333333,P,B,193
Maria Talkington,female,group E,bachelor's degree,standard,completed,71,70,70,70.33333333,P,B+,211
Maria Gardner,female,group B,high school,free/reduced,none,64,73,71,69.33333333,P,B,208
Richard Ward,male,group D,bachelor's degree,free/reduced,none,55,46,44,48.33333333,F,F,145
Maria Chiesa,female,group E,associate's degree,standard,none,51,51,54,52,P,C,156
Maria Hall,female,group C,associate's degree,standard,completed,62,76,80,72.66666667,P,B+,218
Maria Avila,female,group E,associate's degree,standard,completed,93,100,95,96,P,A+,288
Richard Sanders,male,group C,high school,free/reduced,none,54,72,59,61.66666667,P,B,185
Maria Rock,female,group D,some college,free/reduced,none,69,65,74,69.33333333,P,B,208
Richard Nemeth,male,group D,high school,free/reduced,none,44,51,48,47.66666667,F,F,143
Maria Valentin,female,group E,some college,standard,completed,86,85,91,87.33333333,P,A,262
Maria Dailey,female,group E,associate's degree,standard,none,85,92,85,87.33333333,P,A,262
Maria Melendez,female,group A,master's degree,free/reduced,none,50,67,73,63.33333333,P,B,190
Richard Caras,male,group D,some high school,standard,completed,88,74,75,79,P,B+,237
Maria Strode,female,group E,associate's degree,standard,none,59,62,69,63.33333333,P,B,190
Maria Hawks,female,group E,some high school,free/reduced,none,32,34,38,34.66666667,F,F,104
Richard Grogan,male,group B,high school,free/reduced,none,36,29,27,30.66666667,F,F,92
Maria Ortiz,female,group B,some high school,free/reduced,completed,63,78,79,73.33333333,P,B+,220
Richard Martin,male,group D,associate's degree,standard,completed,67,54,63,61.33333333,P,B,184
Maria Stewart,female,group D,some high school,standard,completed,65,78,82,75,P,B+,225
Richard Carrion,male,group D,master's degree,standard,none,85,84,89,86,P,A,258
Maria Thomas,female,group C,master's degree,standard,none,73,78,74,75,P,B+,225
Maria Jacklin,female,group A,high school,free/reduced,completed,34,48,41,41,F,F,123
Maria Moore,female,group D,bachelor's degree,free/reduced,completed,93,100,100,97.66666667,P,A+,293
Maria Akers,female,group D,some high school,free/reduced,none,67,84,84,78.33333333,P,B+,235
Richard Bowdry,male,group D,some college,standard,none,88,77,77,80.66666667,P,A,242
Richard Huppert,male,group B,high school,standard,none,57,48,51,52,F,C,156
Maria Reynolds,female,group D,some college,standard,completed,79,84,91,84.66666667,P,A,254
Maria Oliver,female,group C,bachelor's degree,free/reduced,none,67,75,72,71.33333333,P,B+,214
Richard Rinehart,male,group E,bachelor's degree,standard,completed,70,64,70,68,P,B,204
Richard Stoneback,male,group D,bachelor's degree,free/reduced,none,50,42,48,46.66666667,F,F,140
Maria Case,female,group A,some college,standard,none,69,84,82,78.33333333,P,B+,235
Maria Cooper,female,group C,bachelor's degree,standard,completed,52,61,66,59.66666667,P,C,179
Maria Strange,female,group C,bachelor's degree,free/reduced,completed,47,62,66,58.33333333,F,C,175
Maria Hightower,female,group B,associate's degree,free/reduced,none,46,61,55,54,F,C,162
Maria Wynn,female,group E,some college,standard,none,68,70,66,68,P,B,204
Richard Huntley,male,group E,bachelor's degree,standard,completed,100,100,100,100,P,A+,300
Maria Mcgee,female,group C,high school,standard,none,44,61,52,52.33333333,F,C,157
Maria Wander,female,group C,associate's degree,standard,completed,57,77,80,71.33333333,P,B+,214
Richard Brown,male,group B,some college,standard,completed,91,96,91,92.66666667,P,A+,278
Richard Mendez,male,group D,high school,free/reduced,none,69,70,67,68.66666667,P,B,206
Maria Shatley,female,group C,high school,free/reduced,none,35,53,46,44.66666667,F,F,134
Richard Palmer,male,group D,high school,standard,none,72,66,66,68,P,B,204
Maria Ross,female,group B,associate's degree,free/reduced,none,54,65,65,61.33333333,P,B,184
Richard Inouye,male,group D,high school,free/reduced,none,74,70,69,71,P,B+,213
Richard Medina,male,group E,some high school,standard,completed,74,64,60,66,P,B,198
Richard Russell,male,group E,associate's degree,free/reduced,none,64,56,52,57.33333333,P,C,172
Maria Puffinberger,female,group D,high school,free/reduced,completed,65,61,71,65.66666667,P,B,197
Richard Rosales,male,group E,associate's degree,free/reduced,completed,46,43,44,44.33333333,F,F,133
Maria Turner,female,group C,some high school,free/reduced,none,48,56,51,51.66666667,F,C,155
Richard Koehn,male,group C,some college,free/reduced,completed,67,74,70,70.33333333,P,B+,211
Richard Russell,male,group D,some college,free/reduced,none,62,57,62,60.33333333,P,B,181
Richard Florence,male,group D,associate's degree,free/reduced,completed,61,71,73,68.33333333,P,B,205
Richard Gibson,male,group C,bachelor's degree,free/reduced,completed,70,75,74,73,P,B+,219
Richard Benham,male,group C,associate's degree,standard,completed,98,87,90,91.66666667,P,A+,275
Richard Price,male,group D,some college,free/reduced,none,70,63,58,63.66666667,P,B,191
Richard Biros,male,group A,associate's degree,standard,none,67,57,53,59,P,C,177
Maria Kinnison,female,group E,high school,free/reduced,none,57,58,57,57.33333333,P,C,172
Richard Tedeschi,male,group D,some college,standard,completed,85,81,85,83.66666667,P,A,251
Richard Sabo,male,group D,some high school,standard,completed,77,68,69,71.33333333,P,B+,214
Richard Dubberly,male,group C,master's degree,free/reduced,completed,72,66,72,70,P,B+,210
Maria Gabriel,female,group D,master's degree,standard,none,78,91,96,88.33333333,P,A,265
Richard Arias,male,group C,high school,standard,none,81,66,64,70.33333333,P,B+,211
Richard Piotrowski,male,group A,some high school,free/reduced,completed,61,62,61,61.33333333,P,B,184
Maria Human,female,group B,high school,standard,none,58,68,61,62.33333333,P,B,187
Maria Fuller,female,group C,associate's degree,standard,none,54,61,58,57.66666667,P,C,173
Richard Steese,male,group B,high school,standard,none,82,82,80,81.33333333,P,A,244
Maria Batista,female,group D,some college,free/reduced,none,49,58,60,55.66666667,F,C,167
Richard Kinnan,male,group B,some high school,free/reduced,completed,49,50,52,50.33333333,F,C,151
Maria Lord,female,group E,high school,free/reduced,completed,57,75,73,68.33333333,P,B,205
Richard Lyons,male,group E,high school,standard,none,94,73,71,79.33333333,P,B+,238
Maria Anderson,female,group D,some college,standard,completed,75,77,83,78.33333333,P,B+,235
Maria Spooner,female,group E,some high school,free/reduced,none,74,74,72,73.33333333,P,B+,220
Richard Wicks,male,group C,high school,standard,completed,58,52,54,54.66666667,P,C,164
Maria Pederson,female,group C,some college,standard,none,62,69,69,66.66666667,P,B,200
Richard Clark,male,group E,associate's degree,standard,none,72,57,62,63.66666667,P,B,191
Richard Liptak,male,group C,some college,standard,none,84,87,81,84,P,A,252
Maria Olson,female,group D,master's degree,standard,none,92,100,100,97.33333333,P,A+,292
Maria Diaz,female,group D,high school,standard,none,45,63,59,55.66666667,F,C,167
Richard Keller,male,group C,high school,standard,none,75,81,71,75.66666667,P,B+,227
Maria Dean,female,group A,some college,standard,none,56,58,64,59.33333333,P,C,178
Maria Petersen,female,group D,some high school,free/reduced,none,48,54,53,51.66666667,F,C,155
Maria Soto,female,group E,associate's degree,standard,none,100,100,100,100,P,A+,300
Maria Pennachio,female,group C,some high school,free/reduced,completed,65,76,75,72,P,B+,216
Richard Claytor,male,group D,some college,standard,none,72,57,58,62.33333333,P,B,187
Maria Jones,female,group D,some college,standard,none,62,70,72,68,P,B,204
Richard Palomaki,male,group A,some high school,standard,completed,66,68,64,66,P,B,198
Richard Hunn,male,group C,some college,standard,none,63,63,60,62,P,B,186
Maria Garza,female,group E,associate's degree,standard,none,68,76,67,70.33333333,P,B+,211
Maria Ali,female,group B,bachelor's degree,standard,none,75,84,80,79.66666667,P,B+,239
Maria Williams,female,group D,bachelor's degree,standard,none,89,100,100,96.33333333,P,A+,289
Richard Edwards,male,group C,some high school,standard,completed,78,72,69,73,P,B+,219
Maria Lane,female,group A,high school,free/reduced,completed,53,50,60,54.33333333,P,C,163
Maria Carter,female,group D,some college,free/reduced,none,49,65,61,58.33333333,F,C,175
Maria Mejia,female,group A,some college,standard,none,54,63,67,61.33333333,P,B,184
Maria George,female,group C,some college,standard,completed,64,82,77,74.33333333,P,B+,223
Richard Matthews,male,group B,some college,free/reduced,completed,60,62,60,60.66666667,P,B,182
Richard Whitehead,male,group C,associate's degree,standard,none,62,65,58,61.66666667,P,B,185
Richard Bryan,male,group D,high school,standard,completed,55,41,48,48,F,F,144
Maria Oreilly,female,group C,associate's degree,standard,none,91,95,94,93.33333333,P,A+,280
Maria Bouchard,female,group B,high school,free/reduced,none,8,24,23,18.33333333,F,F,55
Richard Lobato,male,group D,some high school,standard,none,81,78,78,79,P,B+,237
Richard Wilson,male,group B,some high school,standard,completed,79,85,86,83.33333333,P,A,250
Maria Potter,female,group A,some college,standard,completed,78,87,91,85.33333333,P,A,256
Maria Alejandro,female,group C,some high school,standard,none,74,75,82,77,P,B+,231
Richard Gross,male,group A,high school,standard,none,57,51,54,54,P,C,162
Maria Pentz,female,group C,associate's degree,standard,none,40,59,51,50,F,C,150
Richard Jones,male,group E,some high school,standard,completed,81,75,76,77.33333333,P,B+,232
Maria Ferrera,female,group A,some high school,free/reduced,none,44,45,45,44.66666667,F,F,134
Maria Netto,female,group D,some college,free/reduced,completed,67,86,83,78.66666667,P,B+,236
Richard Kulas,male,group E,high school,free/reduced,completed,86,81,75,80.66666667,P,A,242
Maria White,female,group B,some high school,standard,completed,65,82,78,75,P,B+,225
Maria Martinez,female,group D,associate's degree,free/reduced,none,55,76,76,69,P,B,207
Maria Greathouse,female,group D,bachelor's degree,free/reduced,none,62,72,74,69.33333333,P,B,208
Richard Quinn,male,group A,high school,standard,none,63,63,62,62.66666667,P,B,188
Maria Wilson,female,group E,master's degree,standard,completed,88,99,95,94,P,A+,282
Richard Lawson,male,group C,high school,free/reduced,none,62,55,55,57.33333333,P,C,172
Maria Newman,female,group C,high school,free/reduced,completed,59,71,65,65,P,B,195
Maria Wilson,female,group D,some college,standard,completed,68,78,77,74.33333333,P,B+,223
Maria Griffin,female,group D,some college,free/reduced,none,77,86,86,83,P,A,249
